{
  "tasks": [
    "Coding",
    "Meeting",
    "Documentation",
    "Code Review",
    "Research",
    "Testing",
    "Design",
    "Planning",
    "Learning",
    "Bug Fixing",
    "Deployment",
    "Communication",
    "Admin Tasks",
    "Data Analysis",
    "Writing",
    "Exercise",
    "Reading",
    "Brainstorming",
    "Feeding Pet"
  ],
  "time_weights": [
    [
      0.28842992340000007,
      0.0,
      0.0,
      0.22533587765625002
    ],
    [
      0.0,
      0.13520152659375004,
      0.0,
      0.0
    ],
    [
      0.0,
      0.0,
      0.19378885478437505,
      0.0
    ],
    [
      0.22533587765625002,
      0.0,
      0.0,
      0.21632244255000005
    ],
    [
      0.26138961808125005,
      0.0,
      0.0,
      0.0
    ],
    [
      0.0,
      0.21632244255000005,
      0.0,
      0.0
    ],
    [
      0.0,
      0.24336274786875003,
      0.0,
      0.0
    ],
    [
      0.17125526701875002,
      0.0,
      0.0,
      0.0
    ],
    [
      0.2794164882937501,
      0.0,
      0.0,
      0.0
    ],
    [
      0.0,
      0.19378885478437505,
      0.0,
      0.0
    ],
    [
      0.0,
      0.0,
      0.0,
      0.12393473271093752
    ],
    [
      0.0,
      0.094641068615625,
      0.0,
      0.0
    ],
    [
      0.0,
      0.0,
      0.10365450372187503,
      0.0
    ],
    [
      0.2523761829750001,
      0.0,
      0.0,
      0.0
    ],
    [
      0.0,
      0.0,
      0.15322839680625003,
      0.0
    ],
    [
      0.0,
      0.0,
      0.0,
      0.18521870337187502
    ],
    [
      0.17554034272500005,
      0.0,
      0.0,
      0.0
    ],
    [
      0.0,
      0.0,
      0.18521870337187502,
      0.0
    ],
    [
      0.05804166666666667,
      0.05775145833333334,
      0.0,
      0.05833333333333334
    ]
  ],
  "priority_weights": [
    [
      0.22533587765625002,
      0.0,
      0.0
    ],
    [
      0.07210748085000002,
      0.0,
      0.0
    ],
    [
      0.0,
      0.09914778616875002,
      0.0
    ],
    [
      0.08112091595625003,
      0.19829557233750006,
      0.0
    ],
    [
      0.10816122127500002,
      0.0,
      0.0
    ],
    [
      0.09013435106250003,
      0.0,
      0.0
    ],
    [
      0.0,
      0.11717465638125002,
      0.0
    ],
    [
      0.08112091595625001,
      0.0,
      0.0
    ],
    [
      0.0,
      0.11717465638125002,
      0.0
    ],
    [
      0.10816122127500001,
      0.0,
      0.0
    ],
    [
      0.09013435106250002,
      0.0,
      0.0
    ],
    [
      0.04506717553125001,
      0.0,
      0.0
    ],
    [
      0.05408061063750001,
      0.0,
      0.0
    ],
    [
      0.0,
      0.11717465638125002,
      0.0
    ],
    [
      0.08112091595625001,
      0.0,
      0.0
    ],
    [
      0.0,
      0.0,
      0.08112091595625001
    ],
    [
      0.10816122127500001,
      0.0,
      0.0
    ],
    [
      0.0,
      0.11717465638125002,
      0.0
    ],
    [
      0.20895175000000002,
      0.0,
      0.0
    ]
  ],
  "history": [
    {
      "task": "Coding",
      "time": "Pagi (05-12)",
      "duration": 240,
      "energy": 10,
      "difficulty": 10,
      "deadline": 2,
      "importance": 5,
      "effort": 5,
      "timestamp": "2026-06-18 06:00:00"
    },
    {
      "task": "Coding",
      "time": "Pagi (05-12)",
      "duration": 180,
      "energy": 9,
      "difficulty": 8,
      "deadline": 3,
      "importance": 6,
      "effort": 6,
      "timestamp": "2026-06-18 08:00:00"
    },
    {
      "task": "Meeting",
      "time": "Siang (12-15)",
      "duration": 60,
      "energy": 6,
      "difficulty": 3,
      "deadline": 1,
      "importance": 5,
      "effort": 2,
      "timestamp": "2026-06-18 13:00:00"
    },
    {
      "task": "Meeting",
      "time": "Siang (12-15)",
      "duration": 90,
      "energy": 5,
      "difficulty": 4,
      "deadline": 2,
      "importance": 7,
      "effort": 3,
      "timestamp": "2026-06-18 14:30:00"
    },
    {
      "task": "Documentation",
      "time": "Sore (15-18)",
      "duration": 90,
      "energy": 5,
      "difficulty": 4,
      "deadline": 5,
      "importance": 3,
      "effort": 3,
      "timestamp": "2026-06-18 16:00:00"
    },
    {
      "task": "Documentation",
      "time": "Sore (15-18)",
      "duration": 60,
      "energy": 6,
      "difficulty": 3,
      "deadline": 4,
      "importance": 4,
      "effort": 2,
      "timestamp": "2026-06-18 17:00:00"
    },
    {
      "task": "Code Review",
      "time": "Pagi (05-12)",
      "duration": 120,
      "energy": 8,
      "difficulty": 6,
      "deadline": 1,
      "importance": 4,
      "effort": 4,
      "timestamp": "2026-06-18 09:00:00"
    },
    {
      "task": "Code Review",
      "time": "Pagi (05-12)",
      "duration": 90,
      "energy": 9,
      "difficulty": 7,
      "deadline": 2,
      "importance": 5,
      "effort": 5,
      "timestamp": "2026-06-18 10:00:00"
    },
    {
      "task": "Code Review",
      "time": "Malam (18-21)",
      "duration": 240,
      "energy": 2,
      "difficulty": 10,
      "deadline": 2,
      "importance": 10,
      "effort": 10,
      "timestamp": "2026-06-17 20:00:00"
    },
    {
      "task": "Research",
      "time": "Pagi (05-12)",
      "duration": 180,
      "energy": 9,
      "difficulty": 7,
      "deadline": 3,
      "importance": 4,
      "effort": 5,
      "timestamp": "2026-06-18 07:00:00"
    },
    {
      "task": "Research",
      "time": "Pagi (05-12)",
      "duration": 120,
      "energy": 8,
      "difficulty": 6,
      "deadline": 5,
      "importance": 6,
      "effort": 4,
      "timestamp": "2026-06-17 08:00:00"
    },
    {
      "task": "Research",
      "time": "Siang (12-15)",
      "duration": 90,
      "energy": 7,
      "difficulty": 5,
      "deadline": 4,
      "importance": 5,
      "effort": 4,
      "timestamp": "2026-06-17 13:00:00"
    },
    {
      "task": "Testing",
      "time": "Siang (12-15)",
      "duration": 150,
      "energy": 7,
      "difficulty": 5,
      "deadline": 2,
      "importance": 4,
      "effort": 4,
      "timestamp": "2026-06-18 13:00:00"
    },
    {
      "task": "Testing",
      "time": "Siang (12-15)",
      "duration": 120,
      "energy": 6,
      "difficulty": 6,
      "deadline": 3,
      "importance": 5,
      "effort": 5,
      "timestamp": "2026-06-17 14:00:00"
    },
    {
      "task": "Testing",
      "time": "Sore (15-18)",
      "duration": 90,
      "energy": 5,
      "difficulty": 4,
      "deadline": 4,
      "importance": 4,
      "effort": 3,
      "timestamp": "2026-06-17 16:00:00"
    },
    {
      "task": "Design",
      "time": "Siang (12-15)",
      "duration": 180,
      "energy": 7,
      "difficulty": 6,
      "deadline": 4,
      "importance": 4,
      "effort": 5,
      "timestamp": "2026-06-18 12:00:00"
    },
    {
      "task": "Design",
      "time": "Pagi (05-12)",
      "duration": 150,
      "energy": 8,
      "difficulty": 7,
      "deadline": 3,
      "importance": 5,
      "effort": 6,
      "timestamp": "2026-06-17 09:00:00"
    },
    {
      "task": "Design",
      "time": "Siang (12-15)",
      "duration": 120,
      "energy": 6,
      "difficulty": 5,
      "deadline": 5,
      "importance": 6,
      "effort": 4,
      "timestamp": "2026-06-16 13:00:00"
    },
    {
      "task": "Planning",
      "time": "Pagi (05-12)",
      "duration": 60,
      "energy": 8,
      "difficulty": 4,
      "deadline": 2,
      "importance": 4,
      "effort": 3,
      "timestamp": "2026-06-18 07:30:00"
    },
    {
      "task": "Planning",
      "time": "Pagi (05-12)",
      "duration": 45,
      "energy": 9,
      "difficulty": 3,
      "deadline": 1,
      "importance": 5,
      "effort": 2,
      "timestamp": "2026-06-17 07:00:00"
    },
    {
      "task": "Planning",
      "time": "Siang (12-15)",
      "duration": 30,
      "energy": 7,
      "difficulty": 2,
      "deadline": 3,
      "importance": 4,
      "effort": 2,