{
  "tasks": [
    "Coding",
    "Meeting",
    "Documentation",
    "Code Review",
    "Research",
    "Testing",
    "Design",
    "Planning",
    "Learning",
    "Bug Fixing",
    "Deployment",
    "Communication",
    "Admin Tasks",
    "Data Analysis",
    "Writing",
    "Exercise",
    "Reading",
    "Brainstorming",
    "Feeding Pet"
  ],
  "time_weights": [
    [
      0.28698777378300006,
      0.0,
      0.0,
      0.22420919826796876
    ],
    [
      0.0,
      0.1345255189607813,
      0.0,
      0.0
    ],
    [
      0.0,
      0.0,
      0.19281991051045316,
      0.0
    ],
    [
      0.22420919826796876,
      0.0,
      0.0,
      0.21524083033725006
    ],
    [
      0.2600826699908438,
      0.0,
      0.0,
      0.0
    ],
    [
      0.0,
      0.21524083033725006,
      0.0,
      0.0
    ],
    [
      0.0,
      0.24214593412940627,
      0.0,
      0.0
    ],
    [
      0.17039899068365627,
      0.0,
      0.0,
      0.0
    ],
    [
      0.27801940585228135,
      0.0,
      0.0,
      0.0
    ],
    [
      0.0,
      0.19281991051045316,
      0.0,
      0.0
    ],
    [
      0.0,
      0.0,
      0.0,
      0.12331505904738284
    ],
    [
      0.0,
      0.09416786327254688,
      0.0,
      0.0
    ],
    [
      0.0,
      0.0,
      0.10313623120326565,
      0.0
    ],
    [
      0.2511143020601251,
      0.0,
      0.0,
      0.0
    ],
    [
      0.0,
      0.0,
      0.15246225482221878,
      0.0
    ],
    [
      0.22000000000000003,
      0.0,
      0.0,
      0.18429260985501564
    ],
    [
      0.17466264101137505,
      0.0,
      0.0,
      0.0
    ],
    [
      0.0,
      0.0,
      0.18429260985501564,
      0.0
    ],
    [
      0.05775145833333334,
      0.057462701041666675,
      0.0,
      0.05804166666666667
    ]
  ],
  "priority_weights": [
    [
      0.22420919826796876,
      0.0,
      0.0
    ],
    [
      0.07174694344575001,
      0.0,
      0.0
    ],
    [
      0.0,
      0.09865204723790627,
      0.0
    ],
    [
      0.08071531137646877,
      0.19730409447581257,
      0.0
    ],
    [
      0.10762041516862503,
      0.0,
      0.0
    ],
    [
      0.08968367930718753,
      0.0,
      0.0
    ],
    [
      0.0,
      0.11658878309934377,
      0.0
    ],
    [
      0.08071531137646876,
      0.0,
      0.0
    ],
    [
      0.0,
      0.11658878309934377,
      0.0
    ],
    [
      0.10762041516862501,
      0.0,
      0.0
    ],
    [
      0.08968367930718751,
      0.0,
      0.0
    ],
    [
      0.04484183965359376,
      0.0,
      0.0
    ],
    [
      0.053810207584312514,
      0.0,
      0.0
    ],
    [
      0.0,
      0.11658878309934377,
      0.0
    ],
    [
      0.08071531137646876,
      0.0,
      0.0
    ],
    [
      0.0,
      0.23,
      0.08071531137646876
    ],
    [
      0.10762041516862501,
      0.0,
      0.0
    ],
    [
      0.0,
      0.11658878309934377,
      0.0
    ],
    [
      0.20790699125,
      0.0,
      0.0
    ]
  ],
  "history": [
    {
      "task": "Coding",
      "time": "Pagi (05-12)",
      "duration": 240,
      "energy": 10,
      "difficulty": 10,
      "deadline": 2,
      "importance": 5,
      "effort": 5,
      "timestamp": "2026-06-18 06:00:00"
    },
    {
      "task": "Coding",
      "time": "Pagi (05-12)",
      "duration": 180,
      "energy": 9,
      "difficulty": 8,
      "deadline": 3,
      "importance": 6,
      "effort": 6,
      "timestamp": "2026-06-18 08:00:00"
    },
    {
      "task": "Meeting",
      "time": "Siang (12-15)",
      "duration": 60,
      "energy": 6,
      "difficulty": 3,
      "deadline": 1,
      "importance": 5,
      "effort": 2,
      "timestamp": "2026-06-18 13:00:00"
    },
    {
      "task": "Meeting",
      "time": "Siang (12-15)",
      "duration": 90,
      "energy": 5,
      "difficulty": 4,
      "deadline": 2,
      "importance": 7,
      "effort": 3,
      "timestamp": "2026-06-18 14:30:00"
    },
    {
      "task": "Documentation",
      "time": "Sore (15-18)",
      "duration": 90,
      "energy": 5,
      "difficulty": 4,
      "deadline": 5,
      "importance": 3,
      "effort": 3,
      "timestamp": "2026-06-18 16:00:00"
    },
    {
      "task": "Documentation",
      "time": "Sore (15-18)",
      "duration": 60,
      "energy": 6,
      "difficulty": 3,
      "deadline": 4,
      "importance": 4,
      "effort": 2,
      "timestamp": "2026-06-18 17:00:00"
    },
    {
      "task": "Code Review",
      "time": "Pagi (05-12)",
      "duration": 120,
      "energy": 8,
      "difficulty": 6,
      "deadline": 1,
      "importance": 4,
      "effort": 4,
      "timestamp": "2026-06-18 09:00:00"
    },
    {
      "task": "Code Review",
      "time": "Pagi (05-12)",
      "duration": 90,
      "energy": 9,
      "difficulty": 7,
      "deadline": 2,
      "importance": 5,
      "effort": 5,
      "timestamp": "2026-06-18 10:00:00"
    },
    {
      "task": "Code Review",
      "time": "Malam (18-21)",
      "duration": 240,
      "energy": 2,
      "difficulty": 10,
      "deadline": 2,
      "importance": 10,
      "effort": 10,
      "timestamp": "2026-06-17 20:00:00"
    },
    {
      "task": "Research",
      "time": "Pagi (05-12)",
      "duration": 180,
      "energy": 9,
      "difficulty": 7,
      "deadline": 3,
      "importance": 4,
      "effort": 5,
      "timestamp": "2026-06-18 07:00:00"
    },
    {
      "task": "Research",
      "time": "Pagi (05-12)",
      "duration": 120,
      "energy": 8,
      "difficulty": 6,
      "deadline": 5,
      "importance": 6,
      "effort": 4,
      "timestamp": "2026-06-17 08:00:00"
    },
    {
      "task": "Research",
      "time": "Siang (12-15)",
      "duration": 90,
      "energy": 7,
      "difficulty": 5,
      "deadline": 4,
      "importance": 5,
      "effort": 4,
      "timestamp": "2026-06-17 13:00:00"
    },
    {
      "task": "Testing",
      "time": "Siang (12-15)",
      "duration": 150,
      "energy": 7,
      "difficulty": 5,
      "deadline": 2,
      "importance": 4,
      "effort": 4,
      "timestamp": "2026-06-18 13:00:00"
    },
    {
      "task": "Testing",
      "time": "Siang (12-15)",
      "duration": 120,
      "energy": 6,
      "difficulty": 6,
      "deadline": 3,
      "importance": 5,
      "effort": 5,
      "timestamp": "2026-06-17 14:00:00"
    },
    {
      "task": "Testing",
      "time": "Sore (15-18)",
      "duration": 90,
      "energy": 5,
      "difficulty": 4,
      "deadline": 4,
      "importance": 4,
      "effort": 3,
      "timestamp": "2026-06-17 16:00:00"
    },
    {
      "task": "Design",
      "time": "Siang (12-15)",
      "duration": 180,
      "energy": 7,
      "difficulty": 6,
      "deadline": 4,
      "importance": 4,
      "effort": 5,
      "timestamp": "2026-06-18 12:00:00"
    },
    {
      "task": "Design",
      "time": "Pagi (05-12)",
      "duration": 150,
      "energy": 8,
      "difficulty": 7,
      "deadline": 3,
      "importance": 5,
      "effort": 6,
      "timestamp": "2026-06-17 09:00:00"
    },
    {
      "task": "Design",
      "time": "Siang (12-15)",
      "duration": 120,
      "energy": 6,
      "difficulty": 5,
      "deadline": 5,
      "importance": 6,
      "effort": 4,
      "timestamp": "2026-06-16 13:00:00"
    },
    {
      "task": "Planning",
      "time": "Pagi (05-12)",
      "duration": 60,
      "energy": 8,
      "difficulty": 4,
      "deadline": 2,
      "importance": 4,
      "effort": 3,
      "timestamp": "2026-06-18 07:30:00"
    },
    {
      "task": "Planning",
      "time": "Pagi (05-12)",
      "duration": 45,
      "energy": 9,
      "difficulty": 3,
      "deadline": 1,
      "importance": 5,
      "effort": 2,
      "timestamp": "2026-06-17 07:00:00"
    },
    {
      "task": "Planning",
      "time": "Siang (12-15)",
      "duration": 30,
      "energy": 7,
      "difficulty": 2,
      "deadline": 3,
      "importance": 4,
      "effort": 2,